game_dir,game_name,latest_backup_utc,backup_snapshots,backup_file_count,total_size_bytes,save_like_file_count,lutris_id,lutris_slug,lutris_runner,lutris_platform,lutris_categories,lutris_playtime_hours,lutris_playtime_text,lutris_lastplayed_utc,steam_appid,steam_playtime_hours,steam_playtime_text,steam_lastplayed_utc,steam_installed,heroic_app_name,heroic_runner,heroic_playtime_hours,heroic_playtime_text,heroic_lastplayed_utc,heroic_installed,playtime_text,lastplayed_utc,installed,story_progress_text,story_source,story_confidence,notes
Age of Empires II_ Definitive Edition,Age of Empires II: Definitive Edition,2026-07-07T06:44:21.018149747Z,1,43,50054152,32,34,age-of-empires-ii-definitive-edition,steam,Linux,,409.06666666666666,409h 4m,,813780,409.06666666666666,409h 4m,2026-07-07T06:32:42+00:00,1,,,,,,0,409h 4m,2026-07-07T06:32:42+00:00,1,,,,Current playtime came from the local Lutris database. Current playtime came from the Steam Web API.
Age of Empires II_ The Age of Kings,Age of Empires II: The Age of Kings,2026-01-18T00:01:03.437634027Z,1,3,3681,3,23,age-of-empires-ii-the-age-of-kings,wine,Windows,,0.06894,4m,2026-03-07T22:21:04+00:00,,,,,0,,,,,,0,4m,2026-03-07T22:21:04+00:00,1,,,,Current playtime came from the local Lutris database.
steam-933110,Age of Empires III: Definitive Edition,,0,0,0,0,,,,,,,,,933110,1.4833333333333334,1h 29m,,0,,,,,,0,1h 29m,,0,,,,No ludusavi backup; this entry comes from the Steam library.
steam-1466860,Age of Empires IV: Anniversary Edition,,0,0,0,0,,,,,,,,,1466860,3.1,3h 6m,,0,,,,,,0,3h 6m,,0,,,,No ludusavi backup; this entry comes from the Steam library.
Alan Wake,Alan Wake,2026-08-20T05:40:22.004215038Z,1,4,143818,0,22,alan-wake,wine,Windows,Backlog,0.47014,28m,2026-08-20T05:32:15+00:00,,,,,0,,,,,,0,28m,2026-08-20T05:32:15+00:00,1,,,,Current playtime came from the local Lutris database.
heroic-legendary-d7db33dfe7634d6b8a188c708f2caa3c,Amnesia: A Machine for Pigs,,0,0,0,0,,,,,,,,,,,,,0,d7db33dfe7634d6b8a188c708f2caa3c,legendary,,,,0,,,0,,,,No ludusavi backup; this entry comes from the Heroic library.
heroic-legendary-963137e4c29d4c79a81323b8fab03a40,Among Us,,0,0,0,0,,,,,,,,,,,,,0,963137e4c29d4c79a81323b8fab03a40,legendary,,,,0,,,0,,,,No ludusavi backup; this entry comes from the Heroic library.
steam-1172470,Apex Legends,,0,0,0,0,,,,,,,,,1172470,1.5333333333333334,1h 32m,,0,,,,,,0,1h 32m,,0,,,,No ludusavi backup; this entry comes from the Steam library.
steam-3159330,Assassin's Creed Shadows,,0,0,0,0,,,,,,,,,3159330,96.43333333333334,96h 26m,,0,,,,,,0,96h 26m,,0,,,,No ludusavi backup; this entry comes from the Steam library.
steam-1202900,Assemble with Care,,0,0,0,0,,,,,,,,,1202900,0.0,0m,,0,,,,,,0,0m,,0,,,,No ludusavi backup; this entry comes from the Steam library.
heroic-legendary-247a0f0f5803429eb3be2c06f3ea77ff,Blair Witch,,0,0,0,0,,,,,,,,,,,,,0,247a0f0f5803429eb3be2c06f3ea77ff,legendary,,,,0,,,0,,,,No ludusavi backup; this entry comes from the Heroic library.
heroic-legendary-a2ac59c83b704e40b4ab3a9e963fef52,Bloodstained: Ritual of the Night,,0,0,0,0,,,,,,,,,,,,,0,a2ac59c83b704e40b4ab3a9e963fef52,legendary,,,,0,,,0,,,,No ludusavi backup; this entry comes from the Heroic library.
steam-291550,Brawlhalla,,0,0,0,0,,,,,,,,,291550,0.5166666666666667,31m,,0,,,,,,0,31m,,0,,,,No ludusavi backup; this entry comes from the Steam library.
Call of Duty_ Modern Warfare Remastered,Call of Duty: Modern Warfare Remastered,2026-05-30T22:43:01.863488946Z,1,7,4484441,2,9,call-of-duty-modern-warfare-remastered,wine,Windows,Backlog,1.2200946692063883,1h 13m,2026-05-30T22:27:55+00:00,,,,,0,,,,,,0,1h 13m,2026-05-30T22:27:55+00:00,1,,,,Current playtime came from the local Lutris database.
Cheese Rolling,Cheese Rolling,2026-07-21T07:24:01.549086917Z,1,3,65905,0,,,,,,,,,3809440,,,2026-07-21T06:56:22+00:00,1,,,,,,0,,2026-07-21T06:56:22+00:00,1,,,,Steam reports no ownership for this app; it is installed locally.
heroic-legendary-bcbc03d8812a44c18f41cf7d5f849265,Cities Skylines,,0,0,0,0,,,,,,,,,,,,,0,bcbc03d8812a44c18f41cf7d5f849265,legendary,,,,0,,,0,,,,No ludusavi backup; this entry comes from the Heroic library.
Clair Obscur_ Expedition 33,Clair Obscur: Expedition 33,2026-01-17T06:21:34.333941721Z,1,8,378854,7,2,clair-obscur-expedition-33,wine,Windows,Completed|favorite,41.42745325418668,41h 26m,2026-01-17T06:06:22+00:00,,,,,0,,,,,,0,41h 26m,2026-01-17T06:06:22+00:00,1,"Act 3, Level Lumiere Main V 2",Clair Obscur_ Expedition 33/drive-0/run/media/x3ero0/Games/Lutris/gog/expedition-33/drive_c/users/steamuser/AppData/Local/Sandfall/Saved/SaveGames/76561197960265729/EXPEDITION_2.sav,medium,Current playtime came from the local Lutris database. Clair Obscur progress came from save markers and the newest expedition save.
heroic-legendary-Calluna,Control,,0,0,0,0,,,,,,,,,,,,,0,Calluna,legendary,,,,0,,,0,,,,No ludusavi backup; this entry comes from the Heroic library.
Counter-Strike 2,Counter-Strike 2,2026-09-28T04:42:35.204714520Z,1,52,1607905,0,13,counter-strike-2,steam,Linux,,1548.7666666666667,1548h 46m,2026-01-04T04:31:59+00:00,730,1549.5,1549h 30m,2026-09-28T04:32:22+00:00,1,,,,,,0,1549h 30m,2026-09-28T04:32:22+00:00,1,,,,Current playtime came from the local Lutris database. Current playtime came from the Steam Web API.
Counter-Strike_ Source,Counter-Strike: Source,2026-05-15T23:09:33.963187572Z,1,3,4233532,0,29,counter-strike-source,wine,Windows,,0.75236,45m,2026-03-06T08:06:21+00:00,,,,,0,,,,,,0,45m,2026-03-06T08:06:21+00:00,1,,,,Current playtime came from the local Lutris database.
Crab Game,Crab Game,2026-07-26T11:15:24.293002893Z,1,1,4409,0,43,crab-game,steam,Linux,,9.433333333333334,9h 26m,,1782210,9.433333333333334,9h 26m,2026-01-28T09:56:08+00:00,1,,,,,,0,9h 26m,2026-01-28T09:56:08+00:00,1,,,,Current playtime came from the local Lutris database. Current playtime came from the Steam Web API.
heroic-legendary-Jackal,Dauntless,,0,0,0,0,,,,,,,,,,,,,0,Jackal,legendary,,,,0,,,0,,,,No ludusavi backup; this entry comes from the Heroic library.
steam-223750,DCS World Steam Edition,,0,0,0,0,,,,,,,,,223750,1.0333333333333334,1h 2m,,0,,,,,,0,1h 2m,,0,,,,No ludusavi backup; this entry comes from the Steam library.
heroic-legendary-Crow,Dead Island 2,,0,0,0,0,,,,,,,,,,,,,0,Crow,legendary,,,,0,,,0,,,,No ludusavi backup; this entry comes from the Heroic library.
steam-466240,Deceit,,0,0,0,0,,,,,,,,,466240,1.2,1h 12m,,0,,,,,,0,1h 12m,,0,,,,No ludusavi backup; this entry comes from the Steam library.
steam-310560,DiRT Rally,,0,0,0,0,,,,,,,,,310560,0.2,12m,,0,,,,,,0,12m,,0,,,,No ludusavi backup; this entry comes from the Steam library.
heroic-legendary-d2da64bd4c4e422da4b1a88041492a3a,Dishonored - Definitive Edition,,0,0,0,0,,,,,,,,,,,,,0,d2da64bd4c4e422da4b1a88041492a3a,legendary,,,,0,,,0,,,,No ludusavi backup; this entry comes from the Heroic library.
heroic-legendary-04a54ed532ce4fbfbf8fd5833f60def0,Dying Light,,0,0,0,0,,,,,,,,,,,,,0,04a54ed532ce4fbfbf8fd5833f60def0,legendary,,,,0,,,0,,,,No ludusavi backup; this entry comes from the Heroic library.
heroic-legendary-Redstart,Dying Light 2 Stay Human - Reloaded Edition,,0,0,0,0,,,,,,,,,,,,,0,Redstart,legendary,,,,0,,,0,,,,No ludusavi backup; this entry comes from the Heroic library.
steam-6100,Eets,,0,0,0,0,,,,,,,,,6100,0.0,0m,,0,,,,,,0,0m,,0,,,,No ludusavi backup; this entry comes from the Steam library.
heroic-legendary-5c147002780d4e6eb292f54edfe73fda,Evil Dead The Game,,0,0,0,0,,,,,,,,,,,,,0,5c147002780d4e6eb292f54edfe73fda,legendary,,,,0,,,0,,,,No ludusavi backup; this entry comes from the Heroic library.
heroic-legendary-70f92598b33d42e290e411f07397aeee,Eximius: Seize the Frontline,,0,0,0,0,,,,,,,,,,,,,0,70f92598b33d42e290e411f07397aeee,legendary,,,,0,,,0,,,,No ludusavi backup; this entry comes from the Heroic library.
heroic-legendary-0a2d9f6403244d12969e11da6713137b,Fall Guys,,0,0,0,0,,,,,,,,,,,,,0,0a2d9f6403244d12969e11da6713137b,legendary,,,,0,,,0,,,,No ludusavi backup; this entry comes from the Heroic library.
Fallout,Fallout,2026-02-08T23:39:18.110904653Z,1,44,7651770,43,26,fallout,wine,Windows,,1.558730771661111,1h 34m,2026-02-08T23:28:14+00:00,,,,,0,,,,,,0,1h 34m,2026-02-08T23:28:14+00:00,1,,,,Current playtime came from the local Lutris database.
Fallout 4,Fallout 4,2026-04-10T11:20:12.060255942Z,1,42,240046453,32,3,fallout-4,wine,Windows,,18.0,18h,2026-04-10T11:02:01+00:00,,,,,0,,,,,,0,18h,2026-04-10T11:02:01+00:00,1,"Latest save: Rajesh, Commonwealth, level 16",Fallout 4/drive-0/run/media/x3ero0/Games/Lutris/fallout-4-game-of-the-year-edition/drive_c/users/x3ero0/Documents/My Games/Fallout4/Saves/Exitsave0_35577DAF_52616A657368_Commonwealth_001845_20251222054940_16_2.fos,medium,Current playtime came from the local Lutris database. Fallout 4 latest save location was parsed from save filenames.
steam-1671340,Fears to Fathom - Episode 1,,0,0,0,0,51,fears-to-fathom-episode-1,steam,Linux,,0.0,0m,,1671340,0.4666666666666667,28m,2026-07-30T08:02:27+00:00,1,,,,,,0,28m,2026-07-30T08:02:27+00:00,1,,,,No ludusavi backup; this entry comes from the Steam library. Current playtime came from the local Lutris database.
heroic-legendary-Fortnite,Fortnite,,0,0,0,0,,,,,,,,,,,,,0,Fortnite,legendary,,,,0,,,0,,,,No ludusavi backup; this entry comes from the Heroic library.
steam-1551360,Forza Horizon 5,,0,0,0,0,,,,,,,,,1551360,13.316666666666666,13h 19m,,0,,,,,,0,13h 19m,,0,,,,No ludusavi backup; this entry comes from the Steam library.
heroic-legendary-b2e00fc16632475782a7730d1bd7cb60,Frostpunk,,0,0,0,0,,,,,,,,,,,,,0,b2e00fc16632475782a7730d1bd7cb60,legendary,,,,0,,,0,,,,No ludusavi backup; this entry comes from the Heroic library.
heroic-legendary-41869934302e4b8cafac2d3c0e7c293d,Genshin Impact,,0,0,0,0,,,,,,,,,,,,,0,41869934302e4b8cafac2d3c0e7c293d,legendary,,,,0,,,0,,,,No ludusavi backup; this entry comes from the Heroic library.
Ghost of Tsushima Director's Cut,Ghost of Tsushima Director's Cut,2025-12-30T21:47:21.677309162Z,1,6,4842144,2,4,ghost-of-tsushima-directors-cut,wine,Windows,,0.03559,2m,2025-10-28T13:30:38+00:00,,,,,0,,,,,,0,2m,2025-10-28T13:30:38+00:00,1,"At least Act 3 (Izuhara, Toyotama, Kamiagata markers found)",Ghost of Tsushima Director's Cut/drive-0/run/media/x3ero0/Games/Lutris/ghost-of-tsushima-directors-cut/drive_c/users/x3ero0/Documents/Ghost of Tsushima DIRECTOR'S CUT/76561197960271872/manual_0000.sav,low,Current playtime came from the local Lutris database. Ghost of Tsushima act is inferred from region names embedded in the save.
heroic-legendary-Mint,Ghostbusters Remastered,,0,0,0,0,,,,,,,,,,,,,0,Mint,legendary,,,,0,,,0,,,,No ludusavi backup; this entry comes from the Heroic library.
God of War,God of War,2026-04-17T05:46:14.966953660Z,1,2,33556564,1,8,god-of-war--1,wine,Windows,Completed,23.4652,23h 28m,2026-07-24T23:46:02+00:00,,,,,0,,,,,,0,23h 28m,2026-07-24T23:46:02+00:00,1,,,,Current playtime came from the local Lutris database.
heroic-legendary-9bc4423d873845739cc99ab69b6bfbe9,God's Trigger,,0,0,0,0,,,,,,,,,,,,,0,9bc4423d873845739cc99ab69b6bfbe9,legendary,,,,0,,,0,,,,No ludusavi backup; this entry comes from the Heroic library.
heroic-legendary-9d2d0eb64d5c44529cece33fe2a46482,Grand Theft Auto V,,0,0,0,0,,,,,,,,,,,,,0,9d2d0eb64d5c44529cece33fe2a46482,legendary,,,,0,,,0,,,,No ludusavi backup; this entry comes from the Heroic library.
Grand Theft Auto V Enhanced,Grand Theft Auto V Enhanced,2026-10-07T07:11:46.369547801Z,1,17,6824163,0,,,,,,,,,,,,,0,8769e24080ea413b8ebca3f1b8c50951,legendary,13.383333333333333,13h 23m,2026-10-04T05:27:28.058000+00:00,1,13h 23m,2026-10-04T05:27:28.058000+00:00,1,,,,Heroic playtime came from the local launcher timestamp file.
Grand Theft Auto_ San Andreas,Grand Theft Auto: San Andreas,2026-07-15T23:52:18.367505453Z,1,21,4323224,0,36,grand-theft-auto-san-andreas,wine,Windows,Completed|favorite,34.21224008932695,34h 13m,2026-07-15T23:44:24+00:00,,,,,0,,,,,,0,34h 13m,2026-07-15T23:44:24+00:00,1,,,,Current playtime came from the local Lutris database.
Grand Theft Auto_ Vice City,Grand Theft Auto: Vice City,2026-09-12T18:10:47.829934798Z,1,9,1816452,0,40,grand-theft-auto-vice-city,linux,Linux,,4.6674449853799995,4h 40m,2026-09-12T18:00:31+00:00,,,,,0,,,,,,0,4h 40m,2026-09-12T18:00:31+00:00,1,,,,Current playtime came from the local Lutris database.
Halo 4,Halo 4,2026-01-02T08:56:13.885199789Z,1,1,17210,1,,,,,,,,,,,,,0,,,,,,0,,2026-01-02T08:56:13.885199789Z,0,,,,
Halo_ The Master Chief Collection,Halo: The Master Chief Collection,2026-01-02T08:56:13.888390437Z,1,1,17210,1,,,,,,,,,,,,,0,,,,,,0,,2026-01-02T08:56:13.888390437Z,0,,,,
steam-1433340,Happy's Humble Burger Farm,,0,0,0,0,,,,,,,,,1433340,0.0,0m,,0,,,,,,0,0m,,0,,,,No ludusavi backup; this entry comes from the Steam library.
heroic-legendary-8836f84a700140bb86103556cd7db0d4,Heroes & Generals WWII,,0,0,0,0,,,,,,,,,,,,,0,8836f84a700140bb86103556cd7db0d4,legendary,,,,0,,,0,,,,No ludusavi backup; this entry comes from the Heroic library.
heroic-legendary-Barbet,HITMAN,,0,0,0,0,,,,,,,,,,,,,0,Barbet,legendary,,,,0,,,0,,,,No ludusavi backup; this entry comes from the Heroic library.
heroic-legendary-fa4240e57a3c46b39f169041b7811293,Hogwarts Legacy,,0,0,0,0,,,,,,,,,,,,,0,fa4240e57a3c46b39f169041b7811293,legendary,,,,0,,,0,,,,No ludusavi backup; this entry comes from the Heroic library.
Hot Wheels_ Beat That!,Hot Wheels: Beat That!,2026-08-13T10:13:53.688765948Z,1,4,4693464,1,27,hot-wheels-beat-that,wine,Windows,,0.2496555917363889,15m,2026-03-30T03:59:51+00:00,,,,,0,,,,,,0,15m,2026-03-30T03:59:51+00:00,1,,,,Current playtime came from the local Lutris database.
Indiana Jones and the Great Circle,Indiana Jones and the Great Circle,2025-12-30T21:47:20.854174186Z,1,1,482,0,5,indiana-jones-and-the-great-circle,wine,Windows,Backlog,0.10634043542305557,6m,2025-12-22T07:59:39+00:00,,,,,0,,,,,,0,6m,2025-12-22T07:59:39+00:00,1,,,,Current playtime came from the local Lutris database.
steam-4167960,Jaden Williams' The Stalking Stairs,,0,0,0,0,47,jaden-williams-the-stalking-stairs,steam,Linux,,0.0,0m,,4167960,1.5666666666666667,1h 34m,2026-09-15T01:05:29+00:00,1,,,,,,0,1h 34m,2026-09-15T01:05:29+00:00,1,,,,No ludusavi backup; this entry comes from the Steam library. Current playtime came from the local Lutris database.
JDM_ Japanese Drift Master,JDM: Japanese Drift Master,2026-08-27T01:46:28.827092011Z,1,6,4988082,6,18,jdm-japanese-drift-master,wine,Windows,,4.38700156854889,4h 23m,2026-08-26T18:26:22+00:00,,,,,0,,,,,,0,4h 23m,2026-08-26T18:26:22+00:00,1,,,,Current playtime came from the local Lutris database.
heroic-legendary-0abe90092fd744129152d5fe3d79a2ec,KARDS - The WWII Card Game,,0,0,0,0,,,,,,,,,,,,,0,0abe90092fd744129152d5fe3d79a2ec,legendary,,,,0,,,0,,,,No ludusavi backup; this entry comes from the Heroic library.
Left 4 Dead 2,Left 4 Dead 2,2026-01-17T22:59:03.965319333Z,1,1,7355,0,45,left-4-dead-2,steam,Linux,,0.15,9m,,550,0.15,9m,,1,,,,,,0,9m,2026-01-17T22:59:03.965319333Z,1,,,,Current playtime came from the local Lutris database. Current playtime came from the Steam Web API.
heroic-legendary-Hazelnut,Limbo,,0,0,0,0,,,,,,,,,,,,,0,Hazelnut,legendary,,,,0,,,0,,,,No ludusavi backup; this entry comes from the Heroic library.
steam-2767030,Marvel Rivals,,0,0,0,0,,,,,,,,,2767030,1.0,1h,,0,575efd0b5dd54429b035ffc8fe2d36d0,legendary,,,,0,1h,,0,,,,No ludusavi backup; this entry comes from the Steam library.
heroic-legendary-63a665088eb1480298f1e57943b225d8,Marvel's Guardians of the Galaxy,,0,0,0,0,,,,,,,,,,,,,0,63a665088eb1480298f1e57943b225d8,legendary,,,,0,,,0,,,,No ludusavi backup; this entry comes from the Heroic library.
Marvel's Spider-Man Remastered,Marvel's Spider-Man Remastered,2026-07-25T01:52:52.400870389Z,1,7,4577189,3,6,marvels-spider-man-remastered,wine,Windows,,0.27752470770638893,17m,2026-07-25T00:53:36+00:00,,,,,0,,,,,,0,17m,2026-07-25T00:53:36+00:00,1,,,,Current playtime came from the local Lutris database.
Max Payne,Max Payne,2026-04-16T04:55:02.717330785Z,1,6,7587410,0,32,max-payne,wine,Windows,,0.8752503674100001,53m,2026-04-16T04:33:12+00:00,,,,,0,,,,,,0,53m,2026-04-16T04:33:12+00:00,1,,,,Current playtime came from the local Lutris database.
Meccha Chameleon,Meccha Chameleon,2026-07-31T10:42:51.670806831Z,1,4,32345,2,41,meccha-chameleon,steam,Linux,,0.0,0m,,4704690,2.6666666666666665,2h 40m,2026-07-07T20:04:44+00:00,1,,,,,,0,2h 40m,2026-07-07T20:04:44+00:00,1,,,,Current playtime came from the local Lutris database. Current playtime came from the Steam Web API.
Midtown Madness,Midtown Madness,2026-04-09T16:47:02.164808625Z,1,8,108027,2,30,midtown-madness,wine,Windows,,1.0178941525922227,1h 1m,2026-08-27T01:22:18+00:00,,,,,0,,,,,,0,1h 1m,2026-08-27T01:22:18+00:00,1,,,,Current playtime came from the local Lutris database.
Minecraft_ Java Edition,Minecraft: Java Edition,2025-12-30T22:16:46.929775423Z,1,43,22941543,42,,,,,,,,,,,,,0,,,,,,0,,2025-12-30T22:16:46.929775423Z,0,,,,
steam-606150,Moonlighter,,0,0,0,0,,,,,,,,,606150,0.0,0m,,0,,,,,,0,0m,,0,,,,No ludusavi backup; this entry comes from the Steam library.
heroic-legendary-2e26af55c1a146e7a939dcc1014fc9fd,MORDHAU,,0,0,0,0,,,,,,,,,,,,,0,2e26af55c1a146e7a939dcc1014fc9fd,legendary,,,,0,,,0,,,,No ludusavi backup; this entry comes from the Heroic library.
heroic-legendary-639977eecfd2497c941b71af949b5067,NBA 2K21,,0,0,0,0,,,,,,,,,,,,,0,639977eecfd2497c941b71af949b5067,legendary,,,,0,,,0,,,,No ludusavi backup; this entry comes from the Heroic library.
Need for Speed_ Most Wanted,Need for Speed: Most Wanted,2026-09-11T04:41:38.811398436Z,1,4,4730583,0,7,need-for-speed-most-wanted,wine,Windows,,6.9504826907311275,6h 57m,2026-09-01T20:15:08+00:00,,,,,0,,,,,,0,6h 57m,2026-09-01T20:15:08+00:00,1,,,,Current playtime came from the local Lutris database.
Neighbours Back from Hell,Neighbours Back from Hell,2025-12-30T21:47:21.673473641Z,1,2,3423,1,11,neighbours-back-from-hell,wine,Windows,,2.436306050966389,2h 26m,2025-12-23T05:21:08+00:00,,,,,0,,,,,,0,2h 26m,2025-12-23T05:21:08+00:00,1,,,,Current playtime came from the local Lutris database.
NieR_ Automata,NieR: Automata,2026-01-03T11:33:23.434843819Z,1,3,1984,1,44,nierautomata,steam,Linux,,0.016666666666666666,1m,,524220,0.016666666666666666,1m,2026-01-03T11:09:46+00:00,1,,,,,,0,1m,2026-01-03T11:09:46+00:00,1,,,,Current playtime came from the local Lutris database. Current playtime came from the Steam Web API.
No More Room in Hell,No More Room in Hell,2026-09-28T04:11:37.295004253Z,1,17,14389,0,46,no-more-room-in-hell,steam,Linux,,17.016666666666666,17h 1m,,224260,17.016666666666666,17h 1m,2026-01-29T09:02:21+00:00,1,,,,,,0,17h 1m,2026-01-29T09:02:21+00:00,1,,,,Current playtime came from the local Lutris database. Current playtime came from the Steam Web API.
OpenRCT2,OpenRCT2,2026-07-31T10:42:54.964113511Z,1,2211,124214027,4,,,,,,,,,,,,,0,,,,,,0,,2026-07-31T10:42:54.964113511Z,0,,,,
Outlast 2,Outlast 2,2026-07-24T23:49:55.370575815Z,1,14,201515,3,16,outlast-ii,steam,Linux,Backlog,7.9,7h 54m,,414700,7.9,7h 54m,2026-07-24T23:33:47+00:00,1,,,,,,0,7h 54m,2026-07-24T23:33:47+00:00,1,,,,Current playtime came from the local Lutris database. Current playtime came from the Steam Web API.
heroic-legendary-7d6b8784bab94d6cac5fea5ab7bb07a4,PAYDAY 2,,0,0,0,0,,,,,,,,,,,,,0,7d6b8784bab94d6cac5fea5ab7bb07a4,legendary,,,,0,,,0,,,,No ludusavi backup; this entry comes from the Heroic library.
heroic-legendary-48619f5656da446abccb727b78cda644,Pikuniku,,0,0,0,0,,,,,,,,,,,,,0,48619f5656da446abccb727b78cda644,legendary,,,,0,,,0,,,,No ludusavi backup; this entry comes from the Heroic library.
Portal 2,Portal 2,2026-07-24T23:49:55.843720097Z,1,94,3940958,7,14,portal-2,steam,Linux,,0.5166666666666667,31m,,620,0.5166666666666667,31m,2026-07-24T23:30:06+00:00,1,,,,,,0,31m,2026-07-24T23:30:06+00:00,1,Current map marker: sp_a1_wakeup,Portal 2/drive-0/run/media/x3ero0/Games/SteamLibrary/steamapps/common/Portal 2/portal2/SAVE/76561198932536703/1769071977.sav,low,Current playtime came from the local Lutris database. Current playtime came from the Steam Web API. Portal 2 progress uses the first map marker found in the newest save.
steam-578080,PUBG: BATTLEGROUNDS,,0,0,0,0,,,,,,,,,578080,10.416666666666666,10h 25m,,0,9361c8c6d2f34b42b5f2f61093eedf48,legendary,,,,0,10h 25m,,0,,,,No ludusavi backup; this entry comes from the Steam library.
Quarantine Zone_ The Last Check,Quarantine Zone: The Last Check,2026-01-25T09:26:06.629545780Z,1,29,35820119,2,,,,,,,,,,,,,0,,,,,,0,,2026-01-25T09:26:06.629545780Z,0,,,,
steam-3531970,Railway Chai Wala,,0,0,0,0,,,,,,,,,3531970,1.0166666666666666,1h 1m,2026-09-11T04:02:20+00:00,1,,,,,,0,1h 1m,2026-09-11T04:02:20+00:00,1,,,,No ludusavi backup; this entry comes from the Steam library.
heroic-legendary-b4670484aae24db492f0b468a98fe361,Relicta,,0,0,0,0,,,,,,,,,,,,,0,b4670484aae24db492f0b468a98fe361,legendary,,,,0,,,0,,,,No ludusavi backup; this entry comes from the Heroic library.
Resident Evil 4,Resident Evil 4,2026-09-11T04:41:38.537055584Z,1,22,65557352,0,37,resident-evil-4-1,wine,Windows,Backlog,16.23988001269332,16h 14m,2026-09-11T04:16:49+00:00,,,,,0,,,,,,0,16h 14m,2026-09-11T04:16:49+00:00,1,,,,Current playtime came from the local Lutris database.
Resident Evil Requiem,Resident Evil Requiem,2026-07-31T10:42:53.858901709Z,1,1,12610,0,35,resident-evil-requiem,wine,Windows,Backlog,1.8486745988611113,1h 51m,2026-08-25T04:24:22+00:00,,,,,0,,,,,,0,1h 51m,2026-08-25T04:24:22+00:00,1,,,,Current playtime came from the local Lutris database.
ReStory_ Chill Electronics Repairs,ReStory: Chill Electronics Repairs,2026-09-11T04:41:38.090714561Z,1,10,276981,0,,,,,,,,,3812600,3.816666666666667,3h 49m,2026-09-11T04:27:59+00:00,1,,,,,,0,3h 49m,2026-09-11T04:27:59+00:00,1,,,,Current playtime came from the Steam Web API.
steam-755790,Ring of Elysium,,0,0,0,0,,,,,,,,,755790,1.1166666666666667,1h 7m,,0,,,,,,0,1h 7m,,0,,,,No ludusavi backup; this entry comes from the Steam library.
heroic-legendary-Sugar,Rocket League®,,0,0,0,0,,,,,,,,,,,,,0,Sugar,legendary,,,,0,,,0,,,,No ludusavi backup; this entry comes from the Heroic library.
heroic-legendary-Pewee,Rogue Company,,0,0,0,0,,,,,,,,,,,,,0,Pewee,legendary,,,,0,,,0,,,,No ludusavi backup; this entry comes from the Heroic library.
Schedule I,Schedule I,2026-01-27T17:07:27.658753220Z,1,104,8582592,2,,,,,,,,,,,,,0,,,,,,0,,2026-01-27T17:07:27.658753220Z,0,,,,
heroic-legendary-18a85afedeac4ea885b27fee3e0c81db,Second Extinction™,,0,0,0,0,,,,,,,,,,,,,0,18a85afedeac4ea885b27fee3e0c81db,legendary,,,,0,,,0,,,,No ludusavi backup; this entry comes from the Heroic library.
heroic-legendary-Kinglet,Sid Meier's Civilization VI,,0,0,0,0,,,,,,,,,,,,,0,Kinglet,legendary,,,,0,,,0,,,,No ludusavi backup; this entry comes from the Heroic library.
"Silent Hill 2 (PC, Enhanced Edition)","Silent Hill 2 (PC, Enhanced Edition)",2026-09-25T23:25:20.033771509Z,1,18,136986,16,,,,,,,,,,,,,0,,,,,,0,,2026-09-25T23:25:20.033771509Z,0,,,,
heroic-legendary-0fb6e06aacd14e88b1aaea8f54dd8525,Star Trek Online,,0,0,0,0,,,,,,,,,,,,,0,0fb6e06aacd14e88b1aaea8f54dd8525,legendary,,,,0,,,0,,,,No ludusavi backup; this entry comes from the Heroic library.
heroic-legendary-1b037ad2c1e94e7e996b4a16f741025a,Supraland,,0,0,0,0,,,,,,,,,,,,,0,1b037ad2c1e94e7e996b4a16f741025a,legendary,,,,0,,,0,,,,No ludusavi backup; this entry comes from the Heroic library.
heroic-legendary-7e3ea8e6a15542399541beda050c629c,The Darkside Detective,,0,0,0,0,,,,,,,,,,,,,0,7e3ea8e6a15542399541beda050c629c,legendary,,,,0,,,0,,,,No ludusavi backup; this entry comes from the Heroic library.
The Elder Scrolls V_ Skyrim Special Edition,The Elder Scrolls V: Skyrim Special Edition,2026-01-30T08:24:06.001922826Z,1,2,5797,0,,,,,,,,,,,,,0,,,,,,0,,2026-01-30T08:24:06.001922826Z,0,,,,
heroic-legendary-591e049d72b349daa64784a171379357,The Evil Within,,0,0,0,0,,,,,,,,,,,,,0,591e049d72b349daa64784a171379357,legendary,,,,0,,,0,,,,No ludusavi backup; this entry comes from the Heroic library.
steam-2345630,The Gap,,0,0,0,0,,,,,,,,,2345630,0.5833333333333334,35m,2026-07-30T07:29:23+00:00,1,,,,,,0,35m,2026-07-30T07:29:23+00:00,1,,,,No ludusavi backup; this entry comes from the Steam library.
heroic-legendary-8e4f8dc250364e30aef276555bba1734,The Lord of The Rings: Return to Moria™,,0,0,0,0,,,,,,,,,,,,,0,8e4f8dc250364e30aef276555bba1734,legendary,,,,0,,,0,,,,No ludusavi backup; this entry comes from the Heroic library.
steam-3404410,The New Apartment,,0,0,0,0,,,,,,,,,3404410,0.5,30m,2026-07-25T22:18:37+00:00,1,,,,,,0,30m,2026-07-25T22:18:37+00:00,1,,,,No ludusavi backup; this entry comes from the Steam library.
steam-3836910,The Observatory,,0,0,0,0,,,,,,,,,3836910,0.2833333333333333,17m,2026-07-31T11:05:19+00:00,1,,,,,,0,17m,2026-07-31T11:05:19+00:00,1,,,,No ludusavi backup; this entry comes from the Steam library.
steam-1304930,The Outlast Trials,,0,0,0,0,,,,,,,,,1304930,3.1,3h 6m,,0,,,,,,0,3h 6m,,0,,,,No ludusavi backup; this entry comes from the Steam library.
heroic-legendary-huddle,The Sims™ 4,,0,0,0,0,,,,,,,,,,,,,0,huddle,legendary,,,,0,,,0,,,,No ludusavi backup; this entry comes from the Heroic library.
heroic-legendary-9447b19ffb6a47e1a654b75178779a28,The Vanishing of Ethan Carter,,0,0,0,0,,,,,,,,,,,,,0,9447b19ffb6a47e1a654b75178779a28,legendary,,,,0,,,0,,,,No ludusavi backup; this entry comes from the Heroic library.
heroic-legendary-58a6b5e81c644fba8bab2e05137429d9,The Vanishing of Ethan Carter Redux,,0,0,0,0,,,,,,,,,,,,,0,58a6b5e81c644fba8bab2e05137429d9,legendary,,,,0,,,0,,,,No ludusavi backup; this entry comes from the Heroic library.
The Walking Dead_ The Telltale Definitive Series,The Walking Dead: The Telltale Definitive Series,2026-07-21T18:15:03.663486784Z,1,524,5103399,40,15,the-walking-dead-the-telltale-definitive-series,steam,Linux,Backlog,14.483333333333333,14h 29m,,1449690,14.483333333333333,14h 29m,2026-07-21T18:11:15+00:00,1,,,,,,0,14h 29m,2026-07-21T18:11:15+00:00,1,Reached checkpoint 11 in save slot 1,The Walking Dead_ The Telltale Definitive Series/drive-0/run/media/x3ero0/Games/SteamLibrary/steamapps/compatdata/1449690/pfx/drive_c/users/steamuser/Documents/Telltale Games/The Walking Dead Definitive/_wd2_saveSlot1_checkpoint11.bundle,medium,Current playtime came from the local Lutris database. Current playtime came from the Steam Web API. Walking Dead progress is based on internal checkpoint bundle numbers.
steam-292030,The Witcher 3: Wild Hunt — Remastered,,0,0,0,0,,,,,,,,,292030,0.0,0m,,0,,,,,,0,0m,,0,,,,No ludusavi backup; this entry comes from the Steam library.
heroic-legendary-eb6ddfb245f647e2bb6902f52f38a535,Tiny Tina's Wonderlands,,0,0,0,0,,,,,,,,,,,,,0,eb6ddfb245f647e2bb6902f52f38a535,legendary,,,,0,,,0,,,,No ludusavi backup; this entry comes from the Heroic library.
Total Overdose_ A Gunslinger's Tale in Mexico,Total Overdose: A Gunslinger's Tale in Mexico,2026-08-20T05:40:24.490598616Z,1,3,4343055,0,52,total-overdose-a-gunslingers-tale-in-mexico,wine,Windows,,0.020546131376944637,1m,2026-08-20T05:33:26+00:00,,,,,0,,,,,,0,1m,2026-08-20T05:33:26+00:00,1,,,,Current playtime came from the local Lutris database.
steam-304930,Unturned,,0,0,0,0,,,,,,,,,304930,0.23333333333333334,14m,,0,,,,,,0,14m,,0,,,,No ludusavi backup; this entry comes from the Steam library.
heroic-legendary-602eb4abc8764c87b7f2607a1ef8c18e,VALORANT,,0,0,0,0,,,,,,,,,,,,,0,602eb4abc8764c87b7f2607a1ef8c18e,legendary,,,,0,,,0,,,,No ludusavi backup; this entry comes from the Heroic library.
heroic-legendary-da5b18cb1e7a452196c3142f2c1d7dd3,"Warhammer 40,000: Gladius - Relics of War",,0,0,0,0,,,,,,,,,,,,,0,da5b18cb1e7a452196c3142f2c1d7dd3,legendary,,,,0,,,0,,,,No ludusavi backup; this entry comes from the Heroic library.
heroic-legendary-Angelonia,Watch Dogs 2,,0,0,0,0,,,,,,,,,,,,,0,Angelonia,legendary,,,,0,,,0,,,,No ludusavi backup; this entry comes from the Heroic library.
steam-243470,Watch_Dogs,,0,0,0,0,,,,,,,,,243470,0.0,0m,,0,,,,,,0,0m,,0,,,,No ludusavi backup; this entry comes from the Steam library.
steam-582500,We Were Here,,0,0,0,0,,,,,,,,,582500,4.216666666666667,4h 13m,,0,,,,,,0,4h 13m,,0,,,,No ludusavi backup; this entry comes from the Steam library.
heroic-legendary-a7d28f0e0935490b9d6f92dda1a7a75b,Where Winds Meet,,0,0,0,0,,,,,,,,,,,,,0,a7d28f0e0935490b9d6f92dda1a7a75b,legendary,,,,0,,,0,,,,No ludusavi backup; this entry comes from the Heroic library.
heroic-legendary-89443d0c5afa4ef586c72445c0399a8b,Wizard of Legend,,0,0,0,0,,,,,,,,,,,,,0,89443d0c5afa4ef586c72445c0399a8b,legendary,,,,0,,,0,,,,No ludusavi backup; this entry comes from the Heroic library.
heroic-legendary-Wombat,World War Z,,0,0,0,0,,,,,,,,,,,,,0,Wombat,legendary,,,,0,,,0,,,,No ludusavi backup; this entry comes from the Heroic library.
